Title,Description,Date/Time,Views,Comments,Image URL
Забайкалье заняло третье место в ДФО по приросту мигрантов на 10 тысяч населения. Что это значит для экономики?,"Вероятно, региональные власти перекрывают естественную и миграционную убыль коренного населения","20 июня, 2025, 19:33",19,0,https://n1s1.hsmedia.ru/c6/4f/f3/c64ff3f28667941c220f4d0f961c89c5/1152x769_0x9kXzoYfW_0754965271806667386.jpg
Отказывается стареть: 62-летняя блогерша хвастается в соцсетях роликами в одном белье и 28-летним мужем,Непростая история жизни Елены Санжаровской — в коротком видео,"20 июня, 2025, 19:30",33,0,https://n1s1.hsmedia.ru/5c/0c/44/5c0c4427c41cdfe49f1b41f1db7a49c6/720x480_0xxkFYxpiM_1534630406024582349.jpg
Глава «Сбера» назвал справедливым курс выше 100 рублей за доллар — что это значит и ждать ли повышения,"Узнали у экономистов, ослабится ли национальная валюта","20 июня, 2025, 19:30",25,0,https://n1s1.hsmedia.ru/7f/9c/fd/7f9cfd4b3e360d964fc4ddb6fc82f277/1608x1073_0xt5vLo7hK_8392770727553437218.jpg
"На границу РФ приедут корейские военные, а Трамп стал избегать общения с Зеленским: главное об СВО за неделю",Собрали ключевые решения и события в одном материале,"20 июня, 2025, 19:18",111,1,https://n1s1.hsmedia.ru/50/3a/3e/503a3ef22e832ccbad5eacce00e17986/1917x1280_0x8S4DkI3G_6024094062614046940.jpg
"«Чем больше народу, тем выше цены». Турист показал обстановку на пляжах Адлера: фото","Рассказываем, что с ценами и погодой на Черном море","20 июня, 2025, 19:15",96,0,https://n1s1.hsmedia.ru/37/4d/d9/374dd9467c2126f72b7a0cf4dc9af5f3/1280x854_0xtJrtQGuM_1048885798802212978.jpg
Гурулев возмутился приговору Поповой: Главный виновный остался в стороне,Решение суда он не стал обсуждать,"20 июня, 2025, 19:04",585,1,https://n1s1.hsmedia.ru/50/8b/03/508b030233dbb52bdafe516f8693e8d7/1912x1277_0x8dce7nth_7530386243543562822.jpg
"Сапожников 10 лет живёт в муниципальном жилье. Заксобрание Забайкалья не стало отвечать, почему он до сих пор не съехал",Зампредседателя парламента не может позволить ипотеку?,"20 июня, 2025, 18:20",911,21,https://n1s1.hsmedia.ru/dd/c4/60/ddc460892fb45941cf684f65f54019cc/1920x1281_0x5Uhekbke_4069692898858847087.jpg
Новые возможности для будущих инженеров. В Чите возобновили прием на легендарную специальность,Есть 25 бюджетных мест,"20 июня, 2025, 18:20",342,0,https://n1s1.hsmedia.ru/d3/e8/bb/d3e8bb25fe32b6043d7d7294d33ae641/1280x854_0xCSelk5Lr_4832336011442445128.jpg
Похудела на 50 кг и зажгла в передаче у Малахова: история яркой певицы,"Татьяне Павленко нравятся лирические и озорные композиции, грусть — не для нее","20 июня, 2025, 18:00",377,0,https://n1s1.hsmedia.ru/82/b5/61/82b5618ffa6f2647e73b6b445196a032/799x534_0x8G1nFh1p_4051062291390508070.jpg
Свет в Чите пропал из-за порванной линии бригадой «Оборонэнерго»,Порыв остановил троллейбусы,"20 июня, 2025, 18:00",543,3,https://n1s1.hsmedia.ru/42/c4/5d/42c45d4d313ddd0c294059b733f99647/1999x1335_0xPNGAdk5j_3701851031329676710.jpg
Соглашение о сотрудничестве с Альфа-Банком подписал Губернатор Забайкальского края,Договор касается развития и внедрения современных банковских технологий,"20 июня, 2025, 17:30",248,0,https://n1s1.hsmedia.ru/3f/ee/21/3fee2197714744f0ae75c07ab6f3f06d/992x662_0xLzMN4i6m_1125475173411858299.jpg
Свет будут отключать в Чите всю неделю. Ищите свой адрес,Работы начнутся с 21 июня,"20 июня, 2025, 17:28",841,0,https://n1s1.hsmedia.ru/88/2f/72/882f72fd6a919dfa9d6e4c60ae8410ac/3007x2008_0xdWwYvEiO_6709077559422720446.jpg
"Столетие под стеклом, а теперь — реставрация. История и архивные фото Мавзолея Ленина: как он стал таким","Споры о том, стоит ли наконец захоронить тело вождя в земле, вспыхнули с новой силой","20 июня, 2025, 17:00",536,3,https://n1s1.hsmedia.ru/06/6b/e4/066be41d437395a10e963db66ec7a9ad/1899x1268_0xkOXGS9LO_1014261206420764182.jpg
"Завод окон хочет преобразить Читу: руководитель подразделения компании — о том, как сделать из города эстетическую столицу",Какая она — Чита будущего?,"20 июня, 2025, 17:00",347,0,https://n1s1.hsmedia.ru/05/d9/1e/05d91e17bdc141e0ba6e86d208fbdadd/1598x1067_0xJIyMkIa0_8381048662555168143.jpg
Миллионы россиян ждет повышение зарплаты: Минтруд анонсировал изменения в 2026 году,В Госдуме надеятся на более высокую сумму,"20 июня, 2025, 16:59",623,0,https://n1s1.hsmedia.ru/55/2e/fa/552efad8ccd74594f038bd94341ce101/2995x2000_0xP97ZcNOR_9149244657617317375.jpg
Как выйти на пенсию раньше положенного срока — все законные способы,Множество категорий пенсионеров имеют на это право,"20 июня, 2025, 16:48",493,1,https://n1s1.hsmedia.ru/76/67/e3/7667e3ab22c5f0f08e61e3c3bc7cf873/1917x1280_0xdasKIL6c_5268323141867244114.jpg
«Это вообще бюджетные деньги». Блогер раскритиковал отсутствие благоустройства для местных в Забайкалье,Комфорт в основном создают для китайцев,"20 июня, 2025, 16:47",626,8,https://n1s1.hsmedia.ru/8b/c0/8a/8bc08a4d427eefe6ffbf2ba9b507a499/1274x851_0xESVYPpKU_5568027528074971365.jpg
Самых красивых медиков выберут в Чите читатели Woman.ru,Красавица получит приз на церемонии Народной премии,"20 июня, 2025, 16:44",754,10,https://n1s1.hsmedia.ru/16/c2/eb/16c2eb4c252256909f92c616b72bdf0b/2871x1917_0xjny2UNZP_2691252304634299608.jpg
Ценой жизни уничтожил 18 беспилотников и спас товарищей. Забайкальца представили к Герою России,Мужчина погиб в конце мая,"20 июня, 2025, 16:12",1 763,8,https://n1s1.hsmedia.ru/64/c8/42/64c842686a98d373932242b19f87336c/960x640_0xWJ0wJTPn_4939929223638712414.jpg
«Собрал рюкзак и переехал в Стамбул»: личная жизнь Озана Акбабы — звезды сериала «Далекий город»,"Помимо съемок, у актера немало любопытных хобби","20 июня, 2025, 16:00",442,4,https://n1s1.hsmedia.ru/a0/1e/7f/a01e7f08363b81a4263c469b839129f9/1060x708_0xZmVQr10t_6138422367765250654.jpg
Жара ударит Забайкалье. Температура поднимется выше 35 градусов,Предупреждение рассылает МЧС,"20 июня, 2025, 15:47",1 745,8,https://n1s1.hsmedia.ru/7e/e0/00/7ee0004f603e4476209220092a9ac2dd/4342x2899_0xmcmbykRo_9169283186126956928.jpg
"Кенон, Арахлей, Тасей опасны для купания",Пробы воды там не отвечают нормативам,"20 июня, 2025, 15:07",2 740,21,https://n1s1.hsmedia.ru/93/39/72/933972125d400b3a1c6aed9d6abb821d/1996x1333_0xdj0T0ZuJ_4138267845406695565.jpg
"«Пальцы короткие, иди на баян». Как певец Женя Трофимов из «Комнаты культуры» шел к славе","Расспросили о нем преподавателя из музыкальной школы, где он учился","20 июня, 2025, 15:00",600,1,https://n1s1.hsmedia.ru/0c/85/bc/0c85bc1fad03c33b68abe32ee67fa895/3642x2432_0xVG7iqCu0_7522298548581424091.jpg
Могут ли горнодобытчики не губить природу? Круглый стол о проблемах экологии пройдет в Чите,На мероприятии будут крутые эксперты,"20 июня, 2025, 14:49",603,11,https://n1s1.hsmedia.ru/b9/10/66/b91066cca3081eedb56e87eca53d43b1/3494x2333_0x5eOo82RX_5374031401793891397.jpg
Не всё сразу? Забайкалью катастрофически не хватает гостиничных номеров и благоустроенных туалетов,Но с дорогами всё стало явно лучше,"20 июня, 2025, 14:30",795,13,https://n1s1.hsmedia.ru/79/df/48/79df480cdc494075e32ee4d9399a8b1f/981x655_0xZt0CanhI_5351787938494675854.jpg
"Чемоданное настроение: спросили у россиян в разных аэропортах, куда они летят и сколько потратят","Некоторые копили весь год, некоторые оплатили путевку с кредитки","20 июня, 2025, 14:00",865,0,https://n1s1.hsmedia.ru/51/d7/78/51d778340a32bcd1708155bbb1f2d85b/1280x854_0xbhX3U9Js_2165177865373790310.jpg
Снова пожар около Атамановки. Разгорается лес рядом с ЛЭП,Огонь переходит в верховой,"20 июня, 2025, 13:46",3 167,24,https://n1s1.hsmedia.ru/5e/ef/28/5eef2859f454fe6a990a7885573c785b/960x640_0x0Oycf1AQ_1642636360224625866.jpg
Мизулина проведет встречу с молодежью в Чите,В это же день пройдет концерт ее жениха SHAMAN’a,"20 июня, 2025, 13:24",1 728,29,https://n1s1.hsmedia.ru/b7/cc/b7/b7ccb74732fe432ac86a3af3d634a2ce/4993x3334_0xRtMWXE3x_0846590060006634136.jpg
"Часто путают с переутомлением или простудой. 8 признаков «молчаливого» инфаркта и советы, как защититься","Это далеко не редкое явление, как думают многие","20 июня, 2025, 13:00",1 492,0,https://n1s1.hsmedia.ru/45/70/29/4570297d4d7eb965f4e6b14f1d9c84ae/1999x1335_0xIHt52LZL_9288358656316389772.jpg
Пахнущий фекалиями ручей разлился в центре Читы,От Чкалова до Чайковского,"20 июня, 2025, 12:38",1 836,17,https://n1s1.hsmedia.ru/5b/81/90/5b8190fd113b5257f69dfc99f69ece8a/960x640_0xsTCpHcZx_2651755211598420189.jpg
«Решение принято жестко». Юрий Кон высказался о приговоре Поповой по Парку угольщиков,"Он считает, что она много сделала, находясь на работе","20 июня, 2025, 12:25",5 878,92,https://n1s1.hsmedia.ru/9c/5c/16/9c5c16024b3c29939db9c0dedc53d730/2989x1996_0xNrTPhVhv_7367668777966313878.jpg
"Век ягод не видать: как собирать и защищать клубнику, чтобы не остаться без урожая","Разбираемся с агрономом, когда обрезать усы у клубники","20 июня, 2025, 12:00",924,0,https://n1s1.hsmedia.ru/26/77/1d/26771d0ef5291a5fe2b0863837b70db5/4992x3333_0x7JNEE80k_8321102937267995327.jpg
Наём иностранной рабочей силы — где искать кадры и как выбрать реально квалифицированных,"Оказалось, в Чите есть специализированное агентство","20 июня, 2025, 12:00",656,0,https://n1s1.hsmedia.ru/a6/ac/2c/a6ac2c1bd93b50bada64a6031f1dc9ca/4992x3333_0xHK1PXrjD_7929764167434662215.jpg
«Сибиряки плохо знают Сибирь». Видеоблогер предложил простую и узнаваемую идею для туризма Забайкалья,Сам блогер родом из Красноярского края,"20 июня, 2025, 11:49",1 029,2,https://n1s1.hsmedia.ru/94/c5/26/94c526a03d165c41777c90f9681ed6b1/2000x1335_0xBTk91bHk_2892872452277046388.jpg
Детям из Каларского округа подарили поездки во всероссийский центр «Орленок»,"Их поощрили за достижения в учебе, спорте и творческой деятельности","20 июня, 2025, 11:34",814,0,https://n1s1.hsmedia.ru/5a/e5/5f/5ae55f0c19833b8057be8af62e1525f4/1277x853_0xTcQdYPdZ_3315329823786804699.jpg
По дальневосточной и семейной ипотекам упали ставки. Что происходит,"Внутри — точные проценты, которые реально удивляют","20 июня, 2025, 11:30",4 031,0,https://n1s1.hsmedia.ru/8d/de/30/8dde3015e67710c2985c6b696142a658/4992x3333_0xzQQUjWKB_9294368888314839611.jpg
Оставшиеся четыре района Забайкалья преобразуют в округа — об этом приняты законы,"Речь о Чернышевском, Тунгиро-Олекминском, Сретенском и Шилкинском районах","20 июня, 2025, 11:28",1 580,11,https://n1s1.hsmedia.ru/3a/52/32/3a52326700e666e3f339aa0b42a0b67d/1996x1333_0xKueeZVLd_2951819953444300825.jpg
Школьники в России по ошибке получили 0 баллов за ОГЭ. Что будет дальше,Проблема возникла на экзамене по русскому языку,"20 июня, 2025, 11:25",1 245,1,https://n1s1.hsmedia.ru/e6/96/e8/e696e8556e6ada280aa1a0e9978acb35/3235x2160_0xCBxLlsSq_6599217809415903415.jpg
Куча растет: убрать мусор не могут из-за припаркованных авто во дворе в Чите,"Говорят, мусоровоз пробовал проехать несколько раз","20 июня, 2025, 11:18",1 275,6,https://n1s1.hsmedia.ru/26/8f/52/268f520efdea9d0ac1fc74b0465374eb/960x640_0xi6gCQjz5_2662230742340382800.jpg
Никаких больше районов с поселениями: Забайкалье полностью перешло на одноуровневую систему управления,Краевой закон принят на следующий день после вступления в силу федерального,"20 июня, 2025, 11:18",1 139,10,https://n1s1.hsmedia.ru/63/26/09/63260921d1b02ae04671d468894e66e5/1280x854_0x75JeWQYX_4395291333566362021.jpg
